Generator,MSE,MAE,RMSE,MAPE,MSE_per_target,Accuracy,target
MAA-TSF-GRU,27123.241127735095,132.2071892211793,164.69135110179616,5.003452310558539,[27123.241127735095],48.68,Corn.csv
MAA-TSF-LSTM,2003.7375469843485,34.393197473206115,44.76312709121592,1.3625251195065717,[2003.7375469843485],48.68,Corn.csv
MAA-TSF-Transformer,3077.152959928319,40.25593037843039,55.47209172122788,1.524761489577042,[3077.152959928319],49.86,Corn.csv
